{"name":"aa1a527a-9862-413e-8d54-f15d67fa32c4","id":"/providers/Microsoft.Flow/flows/aa1a527a-9862-413e-8d54-f15d67fa32c4","type":"Microsoft.Flow/flows","properties":{"apiId":"/providers/Microsoft.PowerApps/apis/shared_logicflows","displayName":"Wait","definition":{"metadata":{"workflowEntityId":null,"processAdvisorMetadata":null,"flowclientsuspensionreason":"None","flowclientsuspensiontime":null,"creator":{"id":"da0e9c97-68b9-4bfd-92df-fcd204db19a2","type":"User","tenantId":"6ac40006-b6fe-4b12-951f-4825b5bb21d4"},"provisioningMethod":"FromDefinition","failureAlertSubscription":true,"clientLastModifiedTime":"2022-03-31T12:53:51.544972Z"},"$schema":"https://schema.management.azure.com/providers/Microsoft.Logic/schemas/2016-06-01/workflowdefinition.json#","contentVersion":"1.0.0.0","parameters":{"$authentication":{"defaultValue":{},"type":"SecureObject"}},"triggers":{"manual":{"metadata":{"operationMetadataId":"3efb1bb1-9f54-40de-947c-acfa9b128058"},"type":"Request","kind":"PowerAppV2","inputs":{"schema":{"type":"object","properties":{"number":{"title":"Sec","type":"number","x-ms-dynamically-added":true,"description":"待機秒数を入力してください","x-ms-content-hint":"NUMBER"}},"required":["number"]}}}},"actions":{"待ち時間":{"runAfter":{},"metadata":{"operationMetadataId":"d8fb5edd-732b-4ed3-8aa2-2fb8f49045b3"},"type":"Wait","inputs":{"interval":{"count":"@triggerBody()['number']","unit":"Second"}}},"PowerApp_または_Flow_に応答する":{"runAfter":{"待ち時間":["Succeeded"]},"metadata":{"operationMetadataId":"1257163f-258c-4ce5-8df4-1f16c3d46028"},"type":"Response","kind":"PowerApp","inputs":{"statusCode":200,"body":{"sec":"@{triggerBody()['number']}"},"schema":{"type":"object","properties":{"sec":{"title":"Sec","x-ms-dynamically-added":true,"type":"number"}}}}}},"outputs":{}},"connectionReferences":{},"flowFailureAlertSubscribed":false}}